,Company,Title,Days Left,Location(s),link
0,Swork Studio,Developer,Posted 6 days ago,Delhi,https://www.timesjobs.com/job-detail/developer-swork-studio-delhi-0-to-3-yrs-jobid-n5OKlz86uu5zpSvf__PLUS__uAgZw==&source=srp
1,skyla software solution pvt ltd,Developer,Posted 6 days ago,Jamshedpur,https://www.timesjobs.com/job-detail/developer-skyla-software-solution-pvt-ltd-jamshedpur-0-to-5-yrs-jobid-C4SeeEl3QiNzpSvf__PLUS__uAgZw==&source=srp
2,BUSISOL SOURCING INDIA PVT. LTD,Developer,Posted 5 days ago,Mumbai,https://www.timesjobs.com/job-detail/developer-busisol-sourcing-india-pvt-ltd-mumbai-0-to-3-yrs-jobid-9WdxVPYNrNRzpSvf__PLUS__uAgZw==&source=srp
3,BUSISOL SOURCING INDIA PVT. LTD,Developer,Posted 6 days ago,Mumbai,https://www.timesjobs.com/job-detail/developer-busisol-sourcing-india-pvt-ltd-mumbai-0-to-3-yrs-jobid-D9eHd__SLASH__2Ta2dzpSvf__PLUS__uAgZw==&source=srp
4,BUSISOL SOURCING INDIA PVT. LTD,Developer,Posted 6 days ago,Mumbai,https://www.timesjobs.com/job-detail/developer-busisol-sourcing-india-pvt-ltd-mumbai-5-to-8-yrs-jobid-kPmjbslyfhFzpSvf__PLUS__uAgZw==&source=srp
5,spiderfocus solutions,Developer,Posted 6 days ago,"Ahmedabad,  Noida/Greater Noida,  Bengaluru / Bangalore",https://www.timesjobs.com/job-detail/developer-spiderfocus-solutions-ahmedabad-noida-greater-noida-bengaluru-bangalore-3-to-16-yrs-jobid-n4YY56EnDplzpSvf__PLUS__uAgZw==&source=srp
6,BUSISOL SOURCING INDIA PVT. LTD,Developer,Posted 6 days ago,Mumbai,https://www.timesjobs.com/job-detail/developer-busisol-sourcing-india-pvt-ltd-mumbai-2-to-7-yrs-jobid-r1ezcDZj44BzpSvf__PLUS__uAgZw==&source=srp
7,BUSISOL SOURCING INDIA PVT. LTD,Developer,Posted 6 days ago,Mumbai,https://www.timesjobs.com/job-detail/developer-busisol-sourcing-india-pvt-ltd-mumbai-5-to-8-yrs-jobid-cEOLOK51__SLASH__HFzpSvf__PLUS__uAgZw==&source=srp
8,SWASTIK INFOTECH,Developer,Posted 6 days ago,Kolkata,https://www.timesjobs.com/job-detail/developer-swastik-infotech-kolkata-1-to-2-yrs-jobid-uJzW8__PLUS__QFQktzpSvf__PLUS__uAgZw==&source=srp
9,Induco Solutions Pvt Ltd,Developer,Posted few days ago,Hyderabad/Secunderabad,https://www.timesjobs.com/job-detail/developer-induco-solutions-pvt-ltd-hyderabad-secunderabad-0-to-3-yrs-jobid-NS2wppnoc5pzpSvf__PLUS__uAgZw==&source=srp
10,Tech Next Lab,Developer,Posted few days ago,Lucknow,https://www.timesjobs.com/job-detail/developer-tech-next-lab-lucknow-2-to-3-yrs-jobid-CEbLCe29TDFzpSvf__PLUS__uAgZw==&source=srp
11,alliance recruitment agency,Developer,Posted few days ago,Ahmedabad,https://www.timesjobs.com/job-detail/developer-alliance-recruitment-agency-ahmedabad-2-to-4-yrs-jobid-Gso7jnsbU8RzpSvf__PLUS__uAgZw==&source=srp
12,TandA HR Solutions,DEVELOPER,Posted a month ago,Mohali,https://www.timesjobs.com/job-detail/developer-tanda-hr-solutions-mohali-1-to-3-yrs-jobid-__SLASH__99LKGCeCEdzpSvf__PLUS__uAgZw==&source=srp
13,Maxgen Technologies(More Jobs),developer,Posted few days ago,"Mumbai,  Kalyan,  Nasik,  Navi Mumbai,  Thane",https://www.timesjobs.com/job-detail/python-internship-in-mumbai-maxgen-technologies-mumbai-kalyan-nasik-navi-mumbai-thane-0-to-1-yrs-jobid-xlhEr9bYtQhzpSvf__PLUS__uAgZw==&source=srp
14,script it solution,Developer,Posted 6 days ago,Noida/Greater Noida,https://www.timesjobs.com/job-detail/html-developer-web-developer-script-it-solution-noida-greater-noida-2-to-3-yrs-jobid-N__SLASH__PQnbOQV3BzpSvf__PLUS__uAgZw==&source=srp
15,alliance recruitment agency,Developer,Posted few days ago,Kolkata,https://www.timesjobs.com/job-detail/web-developer-wordpress-developer-alliance-recruitment-agency-kolkata-3-to-5-yrs-jobid-hHlaBUQsUPZzpSvf__PLUS__uAgZw==&source=srp
16,destiny hr group services,Developer,Posted few days ago,Noida/Greater Noida,https://www.timesjobs.com/job-detail/wordpress-developer-senior-developer-destiny-hr-group-services-noida-greater-noida-2-to-5-yrs-jobid-Yv5TPB28Y8lzpSvf__PLUS__uAgZw==&source=srp
17,Trejhara Solutions Ltd,Developer,Posted 6 days ago,"Navi Mumbai,  Mumbai",https://www.timesjobs.com/job-detail/java-developer-sr-developer-trejhara-solutions-ltd-navi-mumbai-mumbai-3-to-6-yrs-jobid-ieFD751RkBtzpSvf__PLUS__uAgZw==&source=srp
18,Moldtek Technologies Limited,Developer,Posted 6 days ago,Hyderabad/Secunderabad,https://www.timesjobs.com/job-detail/salesforce-developer-sr-developer-moldtek-technologies-limited-hyderabad-secunderabad-5-to-7-yrs-jobid-NkmYDCnHQR5zpSvf__PLUS__uAgZw==&source=srp
19,US Techdata Solutions,Developer,Posted 6 days ago,Cochin/ Kochi/ Ernakulam,https://www.timesjobs.com/job-detail/php-developer-senior-developer-us-techdata-solutions-cochin-kochi-ernakulam-2-to-5-yrs-jobid-TfbzpMMyzU9zpSvf__PLUS__uAgZw==&source=srp
20,kenscio digital marketing pvt ltd,Developer,Posted 6 days ago,Bengaluru / Bangalore,https://www.timesjobs.com/job-detail/email-developer-web-developer-kenscio-digital-marketing-pvt-ltd-bengaluru-bangalore-2-to-3-yrs-jobid-9O367PM8KqdzpSvf__PLUS__uAgZw==&source=srp
21,CIGNEX Datamatics Technologies Pvt Ltd,Developer,Posted few days ago,Pune,https://www.timesjobs.com/job-detail/etl-developer-with-azure-developer-cignex-datamatics-technologies-pvt-ltd-pune-4-to-7-yrs-jobid-SpGo8n4zur1zpSvf__PLUS__uAgZw==&source=srp
22,C Com Enterprises,Developer,Posted few days ago,Mumbai,https://www.timesjobs.com/job-detail/web-developer-ui-developer-c-com-enterprises-mumbai-3-to-6-yrs-jobid-73XSCAHpReBzpSvf__PLUS__uAgZw==&source=srp
23,eTatvaSoft,Developer,Posted few days ago,Ahmedabad,https://www.timesjobs.com/job-detail/php-developer-senior-developer-etatvasoft-ahmedabad-0-to-3-yrs-jobid-NQ0757BfU4lzpSvf__PLUS__uAgZw==&source=srp
24,Coorgle Consultancy Services,Developer,Posted few days ago,Mysoru / Mysore,https://www.timesjobs.com/job-detail/web-developer-php-developer-coorgle-consultancy-services-mysoru-mysore-2-to-5-yrs-jobid-OQNitW5OPYdzpSvf__PLUS__uAgZw==&source=srp
